<NomaiObject xmlns:xsi="http://www.w3.org/2001/XMLSchema-instance" xsi:noNamespaceSchemaLocation="https://raw.githubusercontent.com/xen-42/outer-wilds-new-horizons/main/NewHorizons/Schemas/text_schema.xsd">
	<TextBlock>
		<ID>1</ID>
		<Text>BILLY: This moon looks like Wher. Why does it look like Wher..?</Text>
	</TextBlock>
	<TextBlock>
		<ID>2</ID>
		<ParentID>1</ParentID>
		<Text>WESTON: I have no clue, but as with everything, we should probably explore some stuff. Maybe mine up the contents of this moon for metal.</Text>
	</TextBlock>
	<TextBlock>
		<ID>3</ID>
		<ParentID>2</ParentID>
		<Text>KATHERYNE: Hey, you guys see that moon of that planet there?</Text>
	</TextBlock>
	<TextBlock>
		<ID>4</ID>
		<ParentID>3</ParentID>
		<Text>BILLY AND WESTON: Huh?</Text>
	</TextBlock>
	<TextBlock>
		<ID>5</ID>
		<ParentID>4</ParentID>
		<Text>KATHERYNE: The one with the lava orbiting that gas giant lookin' thing.</Text>
	</TextBlock>
	<TextBlock>
		<ID>6</ID>
		<ParentID>5</ParentID>
		<Text>BILLY AND WESTON: Oh yeah yeah yeah yeah yeah</Text>
	</TextBlock>
	<TextBlock>
		<ID>7</ID>
		<ParentID>6</ParentID>
		<Text>KATHERYNE: We should go back to Wher and report to the others about it. Maybe that moon is rich in metal, considering it has lava.</Text>
	</TextBlock>
	<TextBlock>
		<ID>8</ID>
		<ParentID>7</ParentID>
		<Text>BILLY: Great thinking, Katheryne! We need to return to Wher immediately.</Text>
	</TextBlock>
	<ShipLogConditions>
		<RevealFact>
			<FactID>DHAR_NOMAI</FactID>
			<Condition>3</Condition>
		</RevealFact>
		<RevealFact>
			<FactID>RICO_NOMAI</FactID>
			<Condition>7</Condition>
		</RevealFact>
	</ShipLogConditions>
</NomaiObject>