<NomaiObject xmlns:xsi="http://www.w3.org/2001/XMLSchema-instance" xsi:noNamespaceSchemaLocation="https://raw.githubusercontent.com/xen-42/outer-wilds-new-horizons/main/NewHorizons/Schemas/text_schema.xsd">
	<TextBlock>
		<ID>1</ID>
		<Text>BOBER: We have just arrived on the troll face version. It was hard to find since there is sand EVERYWHERE, but we found the engraving.</Text>
	</TextBlock>
	<TextBlock>
		<ID>2</ID>
		<ParentID>1</ParentID>
		<Text>BILLY: Yup. It's right there, and appears to continue the coordinate we saw earlier. It goes from the bottom left to top left.</Text>
	</TextBlock>
	<TextBlock>
		<ID>3</ID>
		<ParentID>2</ParentID>
		<Text>BOBER: And above it, a picture of Cludos and Rico.</Text>
	</TextBlock>
	<TextBlock>
		<ID>4</ID>
		<ParentID>3</ParentID>
		<Text>KATHERYNE: Well if it is similar as it was to last time, we should wait until the moon orbits Cludos and land on that version.</Text>
	</TextBlock>
	<TextBlock>
		<ID>5</ID>
		<ParentID>4</ParentID>
		<Text>BOBER: Then it's a plan.</Text>
	</TextBlock>
	<ShipLogConditions>
		<RevealFact>
			<FactID>LEAN_TROLL_NOMAI</FactID>
			<Condition>4</Condition>
		</RevealFact>
	</ShipLogConditions>
</NomaiObject>