<NomaiObject xmlns:xsi="http://www.w3.org/2001/XMLSchema-instance" xsi:noNamespaceSchemaLocation="https://raw.githubusercontent.com/xen-42/outer-wilds-new-horizons/main/NewHorizons/Schemas/text_schema.xsd">
	<TextBlock>
		<ID>1</ID>
		<Text>KATHERYNE: This is one goofy solar system. A planet, orbiting a star, orbiting a black hole?</Text>
	</TextBlock>
	<TextBlock>
		<ID>2</ID>
		<ParentID>1</ParentID>
		<Text>BILLY: Katheryne, the engraving!</Text>
	</TextBlock>
	<TextBlock>
		<ID>3</ID>
		<ParentID>2</ParentID>
		<Text>KATHERYNE: Oh my, it's a filled coordinate, with no secondary engraving! That must mean there are no more coordinates! It goes bottom left, bottom right, top right, then middle left.</Text>
	</TextBlock>
	<TextBlock>
		<ID>4</ID>
		<ParentID>3</ParentID>
		<Text>BILLY: *gasp* So that must mean we have the last coordinate! We must return to Wher immediately!</Text>
	</TextBlock>
	<ShipLogConditions>
		<RevealFact>
			<FactID>LEAN_NEBLINA_NOMAI</FactID>
			<Condition>4</Condition>
		</RevealFact>
	</ShipLogConditions>
</NomaiObject>