{
	"$schema": "https://raw.githubusercontent.com/xen-42/outer-wilds-new-horizons/main/NewHorizons/Schemas/star_system_schema.json",
	"canEnterViaWarpDrive": true,
	"destroyStockPlanets": true,
	"coords": {
		"x": [ 4, 5, 0, 1, 2, 3 ],
		"y": [ 4, 5, 0, 1, 2, 3 ],
		"z": [ 4, 5, 0, 1, 2, 3 ]
	},
	"vesselPosition": {
		"x": 0,
		"y": 0,
		"z": 8000
	},
	"curiosities": [
		{
			"id": "LEAN",
			"color": {
				"r": 116,
				"g": 45,
				"b": 204,
				"a": 255
			},
			"highlightColor": {
				"r": 122,
				"g": 32,
				"b": 232,
				"a": 255
			}
		},
		{
			"id": "BLUE",
			"color": {
				"r": 15,
				"g": 75,
				"b": 150,
				"a": 255
			},
			"highlightColor": {
				"r": 30,
				"g": 150,
				"b": 255,
				"a": 255
			}
		},
		{
			"id": "RED",
			"color": {
				"r": 150,
				"g": 7,
				"b": 15,
				"a": 255
			},
			"highlightColor": {
				"r": 255,
				"g": 15,
				"b": 30,
				"a": 255
			}
		},
		{
			"id": "BLACK",
			"color": {
				"r": 45,
				"g": 45,
				"b": 45,
				"a": 255
			},
			"highlightColor": {
				"r": 90,
				"g": 90,
				"b": 90,
				"a": 255
			}
		},
		{
			"id": "PISITB",
			"color": {
				"r": 200,
				"g": 200,
				"b": 0,
				"a": 255
			},
			"highlightColor": {
				"r": 255,
				"g": 255,
				"b": 0,
				"a": 255
			}
		},
		{
			"id": "OSM",
			"color": {
				"r": 200,
				"g": 150,
				"b": 0,
				"a": 255
			},
			"highlightColor": {
				"r": 255,
				"g": 200,
				"b": 0,
				"a": 255
			}
		}
	],
	"initialReveal": [
		"BLUE_LANDING",
		"IHTS_LANDING",
		"CLUDOS_LANDING",
		"RICO_LANDING",
		"VOYGER_LANDING",
		"DOG_LANDING",
		"TROLL_LANDING",
		"SUSSY_LANDING",
		"WHER_LANDING",
		"DHAR_LANDING",
		"MHOR_LANDING",
		"BI_LANDING",
		"NB_LANDING",
		"NUTS_LANDING",
		"SBD_LANDING"
	],
	"entryPositions": [
		{
			"id": "QUANTUM_LEAN",
			"position": {
				"x": 450.829,
				"y": 1400.848
			}
		},
		{
			"id": "LEAN_WHER",
			"position": {
				"x": 200.829,
				"y": 1500.848
			}
		},
		{
			"id": "LEAN_TROLL",
			"position": {
				"x": 200.829,
				"y": 1300.848
			}
		},
		{
			"id": "LEAN_CLUDOS",
			"position": {
				"x": 200.829,
				"y": 1100.848
			}
		},
		{
			"id": "LEAN_BGYQQAOHOISTGIWBYAUYHM",
			"position": {
				"x": 700.829,
				"y": 1500.848
			}
		},
		{
			"id": "LEAN_AAA",
			"position": {
				"x": 700.829,
				"y": 1300.848
			}
		},
		{
			"id": "LEAN_NEBLINA",
			"position": {
				"x": 700.829,
				"y": 1100.848
			}
		},
		{
			"id": "LEAN_THESOLUTION",
			"position": {
				"x": 450.829,
				"y": 1100.848
			}
		},
		{
			"id": "OSM",
			"position": {
				"x": 585.829,
				"y": 2200.848
			}
		},
		{
			"id": "PISITB",
			"position": {
				"x": 355.829,
				"y": 2200.848
			}
		},
		{
			"id": "ICELAND",
			"position": {
				"x": 2000.829,
				"y": 1200.848
			}
		},
		{
			"id": "NEBLINA",
			"position": {
				"x": 1850.829,
				"y": 1200.848
			}
		},
		{
			"id": "SOLARE",
			"position": {
				"x": 1700.829,
				"y": 1200.848
			}
		},
		{
			"id": "REAL",
			"position": {
				"x": 1700.829,
				"y": 1400.848
			}
		},
		{
			"id": "BLACK",
			"position": {
				"x": 1520.829,
				"y": 1300.848
			}
		},
		{
			"id": "DESFILADEIRO",
			"position": {
				"x": -900.8288,
				"y": 1000.848
			}
		},
		{
			"id": "AAA",
			"position": {
				"x": -750.8288,
				"y": 1000.848
			}
		},
		{
			"id": "VIDA",
			"position": {
				"x": -900.8288,
				"y": 1300.848
			}
		},
		{
			"id": "RING",
			"position": {
				"x": -750.8288,
				"y": 1300.848
			}
		},
		{
			"id": "DABABY",
			"position": {
				"x": -900.8288,
				"y": 1500.848
			}
		},
		{
			"id": "PISSHARTS",
			"position": {
				"x": -900.8288,
				"y": 1700.848
			}
		},
		{
			"id": "BGYQQAOHOISTGIWBYAUYHM",
			"position": {
				"x": -750.8288,
				"y": 1600.848
			}
		},
		{
			"id": "RED",
			"position": {
				"x": -550.8288,
				"y": 1300.848
			}
		},
		{
			"id": "SBD",
			"position": {
				"x": 1365.047,
				"y": 251.4817
			}
		},
		{
			"id": "NUTS",
			"position": {
				"x": 1115.056,
				"y": 251.5503
			}
		},
		{
			"id": "NB",
			"position": {
				"x": 845.0473,
				"y": 51.4817
			}
		},
		{
			"id": "BI",
			"position": {
				"x": 845.0473,
				"y": 251.4817
			}
		},
		{
			"id": "MHOR",
			"position": {
				"x": 625.0473,
				"y": 51.4817
			}
		},
		{
			"id": "DHAR",
			"position": {
				"x": 485.0473,
				"y": 51.4817
			}
		},
		{
			"id": "WHER",
			"position": {
				"x": 555.0473,
				"y": 251.4817
			}
		},
		{
			"id": "FUNNYSYSTEM",
			"position": {
				"x": 400,
				"y": -1100
			}
		},
		{
			"id": "SUSSY",
			"position": {
				"x": 245.0473,
				"y": 51.4817
			}
		},
		{
			"id": "TROLL",
			"position": {
				"x": 245.0473,
				"y": 251.4817
			}
		},
		{
			"id": "DOG",
			"position": {
				"x": 15.0473,
				"y": 51.4817
			}
		},
		{
			"id": "VOYGER",
			"position": {
				"x": 15.0473,
				"y": 251.4817
			}
		},
		{
			"id": "RICO",
			"position": {
				"x": -215.0473,
				"y": 51.4817
			}
		},
		{
			"id": "CLUDOS",
			"position": {
				"x": -215.0473,
				"y": 251.4817
			}
		},
		{
			"id": "IHTS",
			"position": {
				"x": -445.0473,
				"y": 250.8817
			}
		},
		{
			"id": "BLUE",
			"position": {
				"x": 450.8288,
				"y": 500.8481
			}
		}
	]
}