<AstroObjectEntry xmlns:xsi="http://www.w3.org/2001/XMLSchema-instance" xsi:noNamespaceSchemaLocation="https://raw.githubusercontent.com/xen-42/outer-wilds-new-horizons/main/NewHorizons/Schemas/shiplog_schema.xsd">
    <ID>bi</ID>

    <Entry>
        <ID>BI</ID>
        <Name>Bi</Name>

        <Curiosity>BLUE</Curiosity>

        <RumorFact>
            <ID>BI_LANDING</ID>
            <RumorName>Bi</RumorName>
            <Text>Binary of N.B. Actively sending water to it, but appears to vanish upon touching N.B. Water on Bi also never drains.</Text>
        </RumorFact>
    </Entry>
</AstroObjectEntry>