<AstroObjectEntry xmlns:xsi="http://www.w3.org/2001/XMLSchema-instance" xsi:noNamespaceSchemaLocation="https://raw.githubusercontent.com/xen-42/outer-wilds-new-horizons/main/NewHorizons/Schemas/shiplog_schema.xsd">
    <ID>dababy</ID>

    <Entry>
        <ID>DABABY</ID>
        <Name>Dababy</Name>

        <Curiosity>RED</Curiosity>

        <RumorFact>
            <ID>DABABY_LANDING</ID>
            <RumorName>DABABY (LES GO)</RumorName>
            <Text>One of two moons that orbit (the planet it's orbiting) and is actively transferring sand to it.</Text>
        </RumorFact>
    </Entry>
</AstroObjectEntry>