<AstroObjectEntry xmlns:xsi="http://www.w3.org/2001/XMLSchema-instance" xsi:noNamespaceSchemaLocation="https://raw.githubusercontent.com/xen-42/outer-wilds-new-horizons/main/NewHorizons/Schemas/shiplog_schema.xsd">
    <ID>dog</ID>

    <Entry>
        <ID>DOG</ID>
        <Name>Dog</Name>

        <Curiosity>BLUE</Curiosity>

        <RumorFact>
            <ID>DOG_LANDING</ID>
            <RumorName>Dog</RumorName>
            <Text>Orbits Voyager 1, and nothing else.</Text>
        </RumorFact>
    </Entry>
</AstroObjectEntry>