<AstroObjectEntry xmlns:xsi="http://www.w3.org/2001/XMLSchema-instance" xsi:noNamespaceSchemaLocation="https://raw.githubusercontent.com/xen-42/outer-wilds-new-horizons/main/NewHorizons/Schemas/shiplog_schema.xsd">
    <ID>NB</ID>

    <Entry>
        <ID>NB</ID>
        <Name>NB</Name>

        <Curiosity>BLUE</Curiosity>

        <RumorFact>
            <ID>NB_LANDING</ID>
            <RumorName>N.B.</RumorName>
            <Text>Binary of Bi.</Text>
        </RumorFact>
    </Entry>
</AstroObjectEntry>