<AstroObjectEntry xmlns:xsi="http://www.w3.org/2001/XMLSchema-instance" xsi:noNamespaceSchemaLocation="https://raw.githubusercontent.com/xen-42/outer-wilds-new-horizons/main/NewHorizons/Schemas/shiplog_schema.xsd">
    <ID>pisitb</ID>

    <Entry>
        <ID>PISITB</ID>
        <Name>Pisitb</Name>

        <Curiosity>PISITB</Curiosity>
		<IsCuriosity/> true

        <RumorFact>
            <ID>PISITB_LANDING</ID>
            <RumorName>PEE IS STORED IN THE BALLS</RumorName>
            <Text>The smaller, yellow star of the TTT binary system. Entirely made out off piss.</Text>
        </RumorFact>
    </Entry>
</AstroObjectEntry>