<AstroObjectEntry xmlns:xsi="http://www.w3.org/2001/XMLSchema-instance" xsi:noNamespaceSchemaLocation="https://raw.githubusercontent.com/xen-42/outer-wilds-new-horizons/main/NewHorizons/Schemas/shiplog_schema.xsd">
    <ID>pissharts</ID>

    <Entry>
        <ID>PISSHARTS</ID>
        <Name>Pissharts</Name>

        <Curiosity>RED</Curiosity>

        <RumorFact>
            <ID>PISSHARTS_LANDING</ID>
            <RumorName>Pissharts</RumorName>
            <Text>One of two moons that orbit (the planet it's orbiting) and is actively transferring water to it. It's core is literally made of plasma.</Text>
        </RumorFact>
    </Entry>
</AstroObjectEntry>