<AstroObjectEntry xmlns:xsi="http://www.w3.org/2001/XMLSchema-instance" xsi:noNamespaceSchemaLocation="https://raw.githubusercontent.com/xen-42/outer-wilds-new-horizons/main/NewHorizons/Schemas/shiplog_schema.xsd">
    <ID>SBD</ID>

    <Entry>
        <ID>SBD</ID>
        <Name>SBD</Name>

        <Curiosity>BLUE</Curiosity>

        <RumorFact>
            <ID>SBD_LANDING</ID>
            <RumorName>Small But Deadly</RumorName>
            <Text>Very small, comprised of only water, but has very high gravity.</Text>
        </RumorFact>
    </Entry>
</AstroObjectEntry>