<AstroObjectEntry xmlns:xsi="http://www.w3.org/2001/XMLSchema-instance" xsi:noNamespaceSchemaLocation="https://raw.githubusercontent.com/xen-42/outer-wilds-new-horizons/main/NewHorizons/Schemas/shiplog_schema.xsd">
    <ID>sussy</ID>

    <Entry>
        <ID>SUSSY</ID>
        <Name>Sussy</Name>

        <Curiosity>BLUE</Curiosity>

        <RumorFact>
            <ID>SUSSY_LANDING</ID>
            <RumorName>Sussy</RumorName>
            <Text>Sussy moon! Sliced in half with a layer of lava just chilling with a long pillar extending outwards.</Text>
        </RumorFact>
    </Entry>
</AstroObjectEntry>