{
	"$schema": "https://raw.githubusercontent.com/xen-42/outer-wilds-new-horizons/main/NewHorizons/Schemas/body_schema.json",
	"name": "QUANTUM LEAN <3",
	"starSystem": "O32.FunnySystem",
	"isQuantumState": true,
	"canShowOnTitle": false,
	"Base": {
		"surfaceGravity": 10,
		"groundSize": 200,
		"surfaceSize": 200,
		"hasMapMarker": true,
		"ambientLight": 0
	},
	"Orbit": {
		"semiMajorAxis": 1000,
		"primaryBody": "neblina",
		"isMoon": true,
		"trueAnomaly": 90,
		"showOrbitLine": false
	},
	"Water": {
		"size": 205
	},
	"Atmosphere": {
		"size": 250,
		"fogTint": {
			"r": 255,
			"g": 125,
			"b": 50,
			"a": 255
		},
		"fogSize": 250,
		"fogDensity": 0.1,
		"clouds": {
			"cloudsPrefab": "quantumMoon",
			"outerCloudRadius": 300,
			"innerCloudRadius": 250,
			"texturePath": "planets/assets/car.png",
			"capPath": "planets/assets/car_cap.png",
			"tint": {
				"r": 181,
				"g": 181,
				"b": 230,
				"a": 255
			},
			"fluidType": "plasma",
			"hasLightning": false
		}
	},
	"Props": {
		"nomaiText": [
			{
				"position": {
					"x": 1,
					"y": 201,
					"z": 1
				},
				"rotation": {
					"x": 1,
					"y": 1,
					"z": 1
				},
				"type": "recorder",
				"xmlFile": "planets/nomaiText/LeanNeblinaNomai.xml"
			}
		],
		"signals": [
			{
				"audio": "OW_QuantumSignal",
				"detectionRadius": 400,
				"frequency": "Quantum",
				"identificationRadius": 250,
				"name": "QUANTUM LEAN <3",
				"sourceRadius": 200
			}
		]
	},
	"Volumes": {
		"audioVolumes": [
			{
				"audio": "OW_QuantumMoon",
				"loop": true,
				"radius": 300
			}
		],
		"interferenceVolumes": [
			{
				"radius": 300
			}
		],
		"mapRestrictionVolumes": [
			{
				"radius": 300
			}
		]
	}
}