{
  "$schema": "https://raw.githubusercontent.com/xen-42/outer-wilds-new-horizons/master/NewHorizons/schema.json",
  "name": "blue fire cools you down :)",
  "starSystem": "O32.FunnySystem",
  "Base": {
    "surfaceGravity": 65,
    "surfaceSize": 5000,
    "hasMapMarker": true,
    "gravityFallOff": "inverseSquared",
    "centerOfSolarSystem": true
  },
  "Orbit": { "isStatic": true },
  "Star": {
    "goSupernova": true,
    "size": 5000,
    "tint": {
      "R": 0,
      "G": 120,
      "B": 150,
      "A": 255
    },
    "solarFlareTint": {
      "r": 0,
      "g": 120,
      "b": 150,
      "a": 255
    },
    "solarLuminosity": 0.8,
    "lifespan": 15,
    "supernovaSize": 100000,
    "supernovaSpeed": 5000
  },
  "ShipLog": {
    "xmlFile": "planets/ShipLogs/blue.xml",
    "spriteFolder": "planets/ShipLogs/sprites",
    "mapMode": {
      "revealedSprite": "planets/ShipLogs/sprites/blue_map_mode.png",
      "scale": 5
    }
  }
}