{
	"$schema": "https://raw.githubusercontent.com/xen-42/outer-wilds-new-horizons/main/NewHorizons/Schemas/body_schema.json",
	"name": "me cludos (baen)",
	"starSystem": "O32.FunnySystem",
	"Base": {
		"surfaceGravity": 22,
		"surfaceSize": 400,
		"groundSize": 400,
		"hasMapMarker": true,
		"ambientLight": 1
	},
	"Orbit": {
		"semiMajorAxis": 15000,
		"inclination": 15,
		"primaryBody": "blue fire cools you down :)",
		"isMoon": false,
		"longitudeOfAscendingNode": 150,
		"axialTilt": 80,
		"trueAnomaly": 130
	},
	"Atmosphere": {
		"size": 500,
		"fogTint": {
			"r": 255,
			"g": 128,
			"b": 128,
			"a": 255
		},
		"fogDensity": 0.4,
		"fogSize": 450,
		"useAtmosphereShader": true,
		"atmosphereTint": {
			"r": 40,
			"g": 65,
			"b": 140,
			"a": 255
		},
		"clouds": {
			"outerCloudRadius": 500,
			"innerCloudRadius": 450,
			"texturePath": "planets/assets/baen.png",
			"capPath": "planets/assets/baen_cap.png",
			"tint": {
				"r": 181,
				"g": 181,
				"b": 230,
				"a": 255
			},
			"fluidType": "plasma",
			"hasLightning": false
		}
	},
	"Water": {
		"size": 405
	},
	"HeightMap": {
		"heightMap": "planets/assets/baen_heightmap.png",
		"minHeight": 380,
		"maxHeight": 420
	},
	"ShipLog": {
		"xmlFile": "planets/ShipLogs/cludos.xml",
		"spriteFolder": "planets/ShipLogs/sprites",
		"mapMode": {
			"revealedSprite": "planets/ShipLogs/sprites/cludos_map_mode.png",
			"scale": 0.4,
			"offset": -0.2
		}
	}
}