{
	"name": "voyager's pet dog",
	"$schema": "https://raw.githubusercontent.com/xen-42/outer-wilds-new-horizons/main/NewHorizons/Schemas/body_schema.json",
	"starSystem": "O32.FunnySystem",
	"Base": {
		"surfaceSize": 51,
		"surfaceGravity": 3,
		"hasMapMarker": true
	},
	"Orbit": {
		"semiMajorAxis": 1300,
		"inclination": 27,
		"primaryBody": "voyager",
		"isMoon": true,
		"isTidallyLocked": false,
		"longitudeOfAscendingNode": 0,
		"eccentricity": 0,
		"argumentOfPeriapsis": 0
	},
	"Atmosphere": {
		"size": 150,
		"fogTint": {
			"r": 200,
			"g": 255,
			"b": 255,
			"a": 255
		},
		"fogSize": 150,
		"fogDensity": 0.9,
		"hasRain": true
	},
	"HeightMap": {
		"heightMap": "planets/assets/dog_heightmap.png",
		"minHeight": 25,
		"maxHeight": 50
	},
	"ShipLog": {
		"xmlFile": "planets/ShipLogs/dog.xml",
		"spriteFolder": "planets/ShipLogs/sprites",
		"mapMode": {
			"revealedSprite": "planets/ShipLogs/sprites/voyager-dog_map_mode.png",
			"scale": 0.05,
			"offset": -0.5
		}
	}
}