{
	"$schema": "https://raw.githubusercontent.com/xen-42/outer-wilds-new-horizons/main/NewHorizons/Schemas/body_schema.json",
	"name": "Bi",
	"starSystem": "O32.FunnySystem",
	"Base": {
		"surfaceGravity": 8,
		"surfaceSize": 99,
		"groundSize": 99,
		"hasMapMarker": true,
		"ambientLight": 1,
		"gravityFallOff": "linear"
	},
	"Orbit": {
		"semiMajorAxis": 400,
		"primaryBody": "Nonbinary Twins",
		"isMoon": true,
		"isTidallyLocked": false
	},
	"Water": {
		"size": 100
	},
	"Funnel": {
		"target": "N.B.",
		"type": "water"
	},
	"ShipLog": {
		"xmlFile": "planets/ShipLogs/bi.xml",
		"spriteFolder": "planets/ShipLogs/sprites",
		"mapMode": {
			"revealedSprite": "planets/ShipLogs/sprites/nb-bi_map_mode.png",
			"scale": 0.1,
			"offset": -0.5
		}
	}
}