{
	"name": "small but deadly",
	"$schema": "https://raw.githubusercontent.com/xen-42/outer-wilds-new-horizons/main/NewHorizons/Schemas/body_schema.json",
	"starSystem": "O32.FunnySystem",
	"Base": {
		"surfaceSize": 31,
		"surfaceGravity": 35,
		"hasMapMarker": true
	},
	"Orbit": {
		"semiMajorAxis": 50000,
		"trueAnomaly": 180,
		"inclination": 180,
		"primaryBody": "blue fire cools you down :)",
		"isMoon": true,
		"isTidallyLocked": false,
		"longitudeOfAscendingNode": 180,
		"axialTilt": 180,
		"eccentricity": 0,
		"argumentOfPeriapsis": 180
	},
	"Water": {
		"size": 30
	},
	"ShipLog": {
		"xmlFile": "planets/ShipLogs/sbd.xml",
		"spriteFolder": "planets/ShipLogs/sprites",
		"mapMode": {
			"revealedSprite": "planets/ShipLogs/sprites/sbd_map_mode.png",
			"scale": 0.03,
			"offset": -0.2
		}
	}
}