{
	"name": "boy get yo quingan quackin ass over here or i swear to god i will beat yo ass up ya hear me?",
	"$schema": "https://raw.githubusercontent.com/xen-42/outer-wilds-new-horizons/main/NewHorizons/Schemas/body_schema.json",
	"starSystem": "O32.FunnySystem",
	"Base": {
		"surfaceSize": 31,
		"surfaceGravity": 25,
		"hasMapMarker": true
	},
	"Orbit": {
		"semiMajorAxis": 50000,
		"trueAnomaly": 234,
		"inclination": 23,
		"primaryBody": "RED IMPOSTOR SUS",
		"isMoon": false,
		"isTidallyLocked": false,
		"longitudeOfAscendingNode": 180,
		"axialTilt": 0,
		"eccentricity": 0,
		"argumentOfPeriapsis": 180
	},
	"Sand": {
		"size": 180
	},
	"Water": {
		"size": 185
	},
	"ShipLog": {
		"xmlFile": "planets/ShipLogs/bgyqqaohoistgiwbyauyhm.xml",
		"spriteFolder": "planets/ShipLogs/sprites",
		"mapMode": {
			"revealedSprite": "planets/ShipLogs/sprites/bgyqqaohoistgiwbyauyhm_map_mode.png",
			"scale": 0.19,
			"offset": 8
		}
	}
}