{
	"$schema": "https://raw.githubusercontent.com/xen-42/outer-wilds-new-horizons/main/NewHorizons/Schemas/body_schema.json",
	"name": "vida",
	"starSystem": "O32.FunnySystem",
	"Base": {
		"surfaceGravity": 12,
		"surfaceSize": 300,
		"hasMapMarker": true,
		"ambientLight": 0.1,
		"gravityFallOff": "linear"
	},
	"Orbit": {
		"semiMajorAxis": 4000,
		"trueAnomaly": 225,
		"axialTilt": 27,
		"siderealPeriod": 3,
		"inclination": 352,
		"primaryBody": "hold up 'RING' DING DING-DING-DING-DING DING-DING",
		"isMoon": true,
		"isTidallyLocked": false
	},
	"Water": {
		"size": 300
	},
	"Atmosphere": {
		"hasOxygen": true,
		"hasRain": true,
		"size": 350,
		"fogSize": 350,
		"fogDensity": 0.5,
		"fogTint": {
			"r": 0,
			"g": 50,
			"b": 150,
			"a": 255
		},
		"atmosphereTint": {
			"r": 0,
			"g": 50,
			"b": 150,
			"a": 255
		},
		"clouds": {
			"fluidType": "cloud",
			"cloudsPrefab": "transparent",
			"texturePath": "planets/assets/hab_gas.png",
			"rotationSpeed": 1.2,
			"innerCloudRadius": 345,
			"outerCloudRadius": 350
		}
	},
	"HeightMap": {
		"heightMap": "planets/assets/vida_heightmap.png",
		"textureMap": "planets/assets/vida_texturemap.png",
		"minHeight": 280,
		"maxHeight": 320
	},
	"Props": {
		"scatter": [
			{
				"path": "QuantumMoon_Body/Sector_QuantumMoon/State_TH/Interactables_THState/Crater_Surface/Surface_AlpineClump_L/Q_AlpineClump_L/BatchedGroup",
				"count": 150,
				"minHeight": 301
			},
			{
				"path": "TimberHearth_Body/Sector_TH/Sector_RadioTower/RadioTower_DLC/Interactibles_RadioTower/Hornfels'GrovePivot/Prefab_HEA_Campfire",
				"count": 3,
				"minHeight": 301
			}
		]
	},
	"ShipLog": {
		"xmlFile": "planets/ShipLogs/vida.xml",
		"spriteFolder": "planets/ShipLogs/sprites",
		"mapMode": {
			"revealedSprite": "planets/ShipLogs/sprites/vida_map_mode.png",
			"scale": 0.3,
			"offset": 0
		}
	}
}