{
	"$schema": "https://raw.githubusercontent.com/xen-42/outer-wilds-new-horizons/main/NewHorizons/Schemas/body_schema.json",
	"name": "hold up 'RING' DING DING-DING-DING-DING DING-DING",
	"starSystem": "O32.FunnySystem",
	"Base": {
		"surfaceGravity": 35,
		"surfaceSize": 500,
		"hasMapMarker": true,
		"ambientLight": 1,
		"gravityFallOff": "linear"
	},
	"Orbit": {
		"semiMajorAxis": 60000,
		"primaryBody": "RED IMPOSTOR SUS",
		"axialTilt": 43,
		"inclination": 350,
		"isMoon": false,
		"isTidallyLocked": false
	},
	"Atmosphere": {
		"size": 1500,
		"fogSize": 1500,
		"fogDensity": 0.5,
		"fogTint": {
			"r": 255,
			"g": 50,
			"b": 0,
			"a": 255
		},
		"atmosphereTint": {
			"r": 255,
			"g": 50,
			"b": 0,
			"a": 255
		},
		"clouds": {
			"cloudsPrefab": "giantsDeep",
			"texturePath": "planets/assets/ring.png",
			"fluidType": "plasma",
			"unlit": true,
			"innerCloudRadius": 1350,
			"outerCloudRadius": 1450,
			"capPath": "planets/assets/ring_cap.png"
		}
	},
	"Lava": {
		"size": 500
	},
	"Ring": {
		"texture": "planets/assets/ring_rings.png",
		"innerRadius": 1700,
		"outerRadius": 2600,
		"unlit": true,
		"inclination": 43,
		"rotationSpeed": 1,
		"fluidType": "cloud"
	},
	"ShipLog": {
		"xmlFile": "planets/ShipLogs/ring.xml",
		"spriteFolder": "planets/ShipLogs/sprites",
		"mapMode": {
			"revealedSprite": "planets/ShipLogs/sprites/ring_map_mode.png",
			"scale": 1.5,
			"offset": 1
		}
	}
}