{
	"name": ">w< what's this hole~",
	"$schema": "https://raw.githubusercontent.com/xen-42/outer-wilds-new-horizons/master/NewHorizons/schema.json",
	"starSystem": "O32.FunnySystem",
	"Base": {
		"surfaceSize": 3000,
		"surfaceGravity": 35,
		"hasMapMarker": true
	},
	"Orbit": {
		"semiMajorAxis": 500000,
		"trueAnomaly": 0,
		"inclination": 0,
		"primaryBody": "blue fire cools you down :)",
		"isMoon": true,
		"isTidallyLocked": false,
		"longitudeOfAscendingNode": 0,
		"axialTilt": 0,
		"eccentricity": 0,
		"argumentOfPeriapsis": 0
	},
	"Props": {
		"singularities": [
			{
				"size": 3000,
				"type": "blackHole"
			}
		]
	},
	"Rings": [
		{
			"texture": "planets/assets/black_rings.png",
			"innerRadius": 3000,
			"outerRadius": 4000
		}
	],
	"ShipLog": {
		"xmlFile": "planets/ShipLogs/black.xml",
		"spriteFolder": "planets/ShipLogs/sprites",
		"mapMode": {
			"revealedSprite": "planets/ShipLogs/sprites/black_map_mode.png",
			"scale": 4,
			"offset": 15
		}
	}
}