{
	"$schema": "https://raw.githubusercontent.com/xen-42/outer-wilds-new-horizons/master/NewHorizons/schema.json",
	"name": "ORANGE SEMEN MMMMMMMMM",
	"starSystem": "O32.FunnySystem",
	"Base": {
		"surfaceGravity": 69, // nice ;)
		"surfaceSize": 3500,
		"hasMapMarker": true,
		"ambientLight": 1,
		"gravityFallOff": "linear"
	},
	"Orbit": {
		"semiMajorAxis": 5000,
		"primaryBody": "testicular torsion twins",
		"isMoon": true,
		"isTidallyLocked": false
	},
	"Star": {
		"goSupernova": true,
		"solarLuminosity": 0.6,
		"size": 3500,
		"tint": {
			"r": 252,
			"g": 136,
			"b": 3,
			"a": 255
		},
		"lifespan": 17,
		"supernovaSize": 100000,
		"supernovaSpeed": 5000
	},
	"ShipLog": {
		"xmlFile": "planets/ShipLogs/osm.xml",
		"spriteFolder": "planets/ShipLogs/sprites",
		"mapMode": {
			"revealedSprite": "planets/ShipLogs/sprites/osm_map_mode.png",
			"scale": 3.5,
			"offset": 6
		}
	}
}