{
	"$schema": "https://raw.githubusercontent.com/xen-42/outer-wilds-new-horizons/main/NewHorizons/Schemas/body_schema.json",
	"name": "The W.(h.)I.P. Planet",
	"starSystem": "O32.FunnySystem",
	"canShowOnTitle": false,
	"Base": {
		"surfaceGravity": 30,
		"surfaceSize": 450,
		"ambientLight": 1,
		"gravityFallOff": "linear",
		"hasMapMarker": true
	},
	"Orbit": {
		"semiMajorAxis": 20000,
		"primaryBody": "testicular torsion twins",
		"eccentricity": 0.2,
		"inclination": 1,
		"axialTilt": 15,
		"siderealPeriod": 0.25,
		"isMoon": false,
		"isTidallyLocked": false
	},
	"HeightMap": {
		"heightMap": "planets/assets/identify.png",
		"textureMap": "planets/assets/identify.png",
		"maxHeight": 300,
		"minHeight": 300
	},
	"Props": {
		"details": [
			{
				"path": "QuantumMoon_Body/Sector_QuantumMoon/State_EYE/Interactables_EYEState/ConversationPivot/Character_NOM_Solanum/Nomai_ANIM_SkyWatching_Idle",
				"position": {
					"x": 0,
					"y": 303.25,
					"z": -2
				},
				"rotation": {
					"x": 180,
					"y": 0,
					"z": 0
				},
				"removeChildren": [ "ConversationZone_RSci" ]
			}
		],
		"dialogue": [
			{
				"position": {
					"x": 0,
					"y": 301,
					"z": -2
				},
				"xmlFile": "planets/Dialogue/Snata.xml",
				"radius": 1.5
			}
		]
	}
}