{
	"$schema": "https://raw.githubusercontent.com/xen-42/outer-wilds-new-horizons/main/NewHorizons/Schemas/body_schema.json",
	"name": "Final Planet",
	"starSystem": "O32.FunnyEnding",
	"canShowOnTitle": false,
	"Base": {
		"surfaceGravity": 12,
		"surfaceSize": 450,
		"ambientLight": 1,
		"gravityFallOff": "linear",
		"hasMapMarker": false
	},
	"Atmosphere": {
		"size": 500,
		"hasOxygen": true,
		"fogSize": 500,
		"hasRain": true,
		"fogDensity": 0.4,
		"atmosphereTint": {
			"r": 25,
			"g": 75,
			"b": 150,
			"a": 255
		},
		"fogTint": {
			"r": 25,
			"g": 75,
			"b": 150,
			"a": 255
		},
		"clouds": {
			"fluidType": "cloud",
			"cloudsPrefab": "transparent",
			"texturePath": "planets/assets/hab_gas.png",
			"rotationSpeed": 1.2,
			"innerCloudRadius": 498,
			"outerCloudRadius": 499
		}
	},
	"HeightMap": {
		"heightMap": "planets/assets/finalplanet_heightmap.png",
		"textureMap": "planets/assets/finalplanet_texturemap.png",
		"minHeight": 370,
		"maxHeight": 430
	},
	"Water": {
		"size": 400
	},
	"Orbit": {
		"semiMajorAxis": 4000,
		"primaryBody": "Final Star",
		"inclination": 0,
		"isMoon": false,
		"isTidallyLocked": false
	},
	"Props": {
		"scatter": [
			{
				"path": "QuantumMoon_Body/Sector_QuantumMoon/State_TH/Interactables_THState/Crater_Surface/Surface_AlpineClump_L/Q_AlpineClump_L/BatchedGroup",
				"count": 200,
				"minHeight": 401,
				"maxHeight": 415
			}
		],
		"details": [
			{
				"path": "TimberHearth_Body/Sector_TH/Sector_Village/Sector_StartingCamp/Characters_StartingCamp/Villager_HEA_Slate",
				"position": {
					"x": 0,
					"y": 420.25,
					"z": -2
				},
				"rotation": {
					"x": 0,
					"y": 0,
					"z": 0
				},
				"removeChildren": [ "ConversationZone_RSci" ]
			},
			{
				"path": "TimberHearth_Body/Sector_TH/Sector_RadioTower/RadioTower_DLC/Interactibles_RadioTower/Hornfels'GrovePivot/Prefab_HEA_Campfire",
				"position": {
					"x": 0,
					"y": 420.5,
					"z": 0
				}
			}
		],
		"dialogue": [
			{
				"position": {
					"x": 0,
					"y": 421,
					"z": -2
				},
				"xmlFile": "planets/Dialogue/Bonford.xml",
				"radius": 1.5
			}
		]
	},
	"Spawn": {
		"playerSpawnPoint": {
			"x": 0,
			"y": -425,
			"z": 0
		},
		"playerSpawnRotation": {
			"x": 0,
			"y": 180,
			"z": 0
		},
		"shipSpawnPoint": {
			"x": 0,
			"y": -430,
			"z": 0
		},
		"shipSpawnRotation": {
			"x": 0,
			"y": 180,
			"z": 0
		}
	},
	"ShipLog": {
		"xmlFile": "planets/ShipLogs/finalplanet.xml"
	},
	"Volumes": {
		"audioVolumes": [
			{
				"audio": "OW End Credits 022019_3 AP",
				"loop": true,
				"radius": 435,
				"volume": 0.5
			}
		]
	}
}