{
	"$schema": "https://raw.githubusercontent.com/xen-42/outer-wilds-new-horizons/main/NewHorizons/Schemas/body_schema.json",
	"name": "osm (Final Version)",
	"starSystem": "O32.FunnyEnding",
	"canShowOnTitle": false,
	"Base": {
		"surfaceGravity": 1,
		"surfaceSize": 5000,
		"ambientLight": 1,
		"gravityFallOff": "linear",
		"hasMapMarker": false
	},
	"Orbit": {
		"semiMajorAxis": 10000,
		"trueAnomaly": 180,
		"primaryBody": "TT Twins Focal Point (Final Version)",
		"inclination": 0,
		"isMoon": true,
		"isTidallyLocked": false
	},
	"Star": {
		"tint": {
			"r": 252,
			"g": 136,
			"b": 3,
			"a": 255
		},
		"size": 4000,
		"lifespan": 17,
		"supernovaSize": 50000,
		"supernovaSpeed": 5000
	},
	"ShipLog": {
		"mapMode": {
			"remove": true
		}
	}
}