{
	"$schema": "https://raw.githubusercontent.com/xen-42/outer-wilds-new-horizons/main/NewHorizons/Schemas/body_schema.json",
	"name": "Black (Final Version)",
	"starSystem": "O32.FunnyEnding",
	"canShowOnTitle": false,
	"Base": {
		"surfaceGravity": 1,
		"surfaceSize": 5000,
		"ambientLight": 1,
		"gravityFallOff": "linear",
		"hasMapMarker": false
	},
	"Orbit": {
		"semiMajorAxis": 250000,
		"trueAnomaly": 120,
		"primaryBody": "Blue (Final Version)",
		"inclination": 0,
		"isMoon": false,
		"isTidallyLocked": false
	},
	"Rings": [
		{
			"texture": "planets/assets/black_rings.png",
			"innerRadius": 5500,
			"outerRadius": 6500
		}
	],
	"Props": {
		"singularities": [
			{
				"size": 5000,
				"type": "blackHole"
			}
		]
	},
	"ShipLog": {
		"mapMode": {
			"remove": true
		}
	}
}