{
	"$schema": "https://raw.githubusercontent.com/xen-42/outer-wilds-new-horizons/main/NewHorizons/Schemas/body_schema.json",
	"name": "tp to Blue (from Red)",
	"starSystem": "O32.FunnySystem",
	"Base": {
		"surfaceGravity": 0,
		"surfaceSize": 0,
		"hasMapMarker": true
	},
	"Orbit": {
		"semiMajorAxis": 40000,
		"trueAnomaly": 180,
		"inclination": 0,
		"primaryBody": "RED IMPOSTOR SUS",
		"isMoon": false,
		"longitudeOfAscendingNode": 0,
		"axialTilt": 0,
		"argumentOfPeriapsis": 0,
		"eccentricity": 0,
		"isTidallyLocked": true
	},
	"Props": {
		"singularities": [
			{
				"type": "blackHole",
				"size": 50,
				"pairedSingularity": "Blue exit (from Red)"
			}
		]
	},
	"ShipLog": {
		"mapMode": {
			"remove": true
		}
	}
}