<DialogueTree xmlns:xsi="http://www.w3.org/2001/XMLSchema-instance" xsi:noNamespaceSchemaLocation="https://raw.githubusercontent.com/xen-42/outer-wilds-new-horizons/main/NewHorizons/Schemas/dialogue_schema.xsd">
	<NameField>Snata</NameField>

	<DialogueNode>
		<Name>MAIN</Name>
		<EntryCondition>DEFAULT</EntryCondition>
		<Dialogue>
			<Page>Ho-ho-ooOOHHHHHHHhhhhhhh.</Page>
		</Dialogue>
		
		<DialogueOptionsList>
			<DialogueOption>
				<Text>excuse me?</Text>
				<DialogueTarget>1</DialogueTarget>
			</DialogueOption>
			<DialogueOption>
				<Text>Uhh...</Text>
				<DialogueTarget>END</DialogueTarget>
			</DialogueOption>
		</DialogueOptionsList>
	</DialogueNode>
	
	<DialogueNode>
		<Name>1</Name>
		<Dialogue>
			<Page>Merry Christmas! (kid named Christmas :laughing_crying:)</Page>
		</Dialogue>
		<DialogueOptionsList>
			<DialogueOption>
				<Text>It's not Christmas yet, dumbass. Who are you anyway, and how are you not dizzy?</Text>
				<DialogueTarget>2</DialogueTarget>
			</DialogueOption>
		</DialogueOptionsList>
	</DialogueNode>

	<DialogueNode>
		<Name>2</Name>
		<Dialogue>
			<Page>Ho-ho-oH! I'm the amazing Snata Claws!</Page>
		</Dialogue>
		<DialogueOptionsList>
			<DialogueOption>
				<Text>Uh... I doubt, but nevertheless, what are you doing here?</Text>
				<DialogueTarget>3</DialogueTarget>
			</DialogueOption>
		</DialogueOptionsList>
	</DialogueNode>

	<DialogueNode>
		<Name>3</Name>
		<Dialogue>
			<Page>Oh-ho-woah! To answer your previous question, I've been waiting for the goofy god in the sky to add content to this stupid-ass system for a while now!</Page>
		</Dialogue>
		<DialogueOptionsList>
			<DialogueOption>
				<Text>I didn't think this was created by a god, but ok. And "content"? What the hell does that mean? Will planets just appear here one day?</Text>
				<DialogueTarget>4</DialogueTarget>
			</DialogueOption>
		</DialogueOptionsList>
	</DialogueNode>

	<DialogueNode>
		<Name>4</Name>
		<Dialogue>
			<Page>Correct-a-ho-ho-ho! There will be a sub-story mod coming on Christmas!</Page>
		</Dialogue>
		<DialogueOptionsList>
			<DialogueOption>
				<Text>SIR, SNATA CLAUS, WHAT THE HELL DOES "STORY MOD" MEAN???</Text>
				<DialogueTarget>5</DialogueTarget>
			</DialogueOption>
		</DialogueOptionsList>
	</DialogueNode>

	<DialogueNode>
		<Name>5</Name>
		<Dialogue>
			<Page>Ho-oh-oh! You'll figure that out soon enough! Come back on Christmas, see you soon!</Page>
		</Dialogue>
		<DialogueOptionsList>
			<DialogueOption>
				<Text>BUT I WANNA KNOW MORE-?</Text>
				<DialogueTarget>6</DialogueTarget>
			</DialogueOption>
		</DialogueOptionsList>
	</DialogueNode>

	<DialogueNode>
		<Name>6</Name>
		<Dialogue>
			<Page>(stares into your soul, with a sharp yet wide, glistening yellow grin)</Page>
		</Dialogue>
		<DialogueOptionsList>
			<DialogueOption>
				<Text>O-Okay...</Text>
				<DialogueTarget>END</DialogueTarget>
			</DialogueOption>
		</DialogueOptionsList>
	</DialogueNode>
	
	<DialogueNode>
		<Name>END</Name>
		<Dialogue>
			<Page>Ho-ho-ho!</Page>
		</Dialogue>
	</DialogueNode>
</DialogueTree>